item_id,claim_id,claim_summary_en,category,fact_checker_source,fact_check_title,fact_check_url,fact_check_publish_date,claim_language,platform,content_type,original_post_url,url_recovery_method,wayback_snapshot_url,archive_status,status_at_first_audit,label,notes
BD-001,C-ASIF-AI-01,"AI-generated image falsely showed government adviser Asif Mahmud with a woman in a hotel room",political,Rumor Scanner,"AI-Generated Image Falsely Shared as Adviser Asif With Woman in Hotel Room",https://rumorscanner.com/en/fact-check-en/asif-mahmud-ai-photo/164608,2025,Bangla,Facebook,image,https://www.facebook.com/areyanshams/posts/3275404272637361,"Manually retrieved by user from rumorscanner.com article, browser visit; original poster: Shamsul Arafin",https://archive.ph/FF3Tc/image,"ARCHIVED via archive.today, captured 24 Aug 2025 05:56:56 UTC (posted ~15h before capture, so original post ~23 Aug 2025)",ACCOUNT-REMOVED (re-checked 2026-09-02: post URL returns 'This page isn't available right now'; profile facebook.com/areyanshams also not resolving, confirming whole-account removal per §4.2 disambiguation, not just single-post removal),false,"Post caption reads (Bangla): image shows someone who is NOT Adviser Asif Mahmud's wife; image is not fake, but the man's identity was misrepresented; caption asks who the woman is. NOTE: this is remediated (no longer live) as of re-check date; time-to-removal not computed since exact removal date unknown (checkpoint interval was single ad-hoc check, not the fixed t0/+1wk/+1mo schedule of §4.3)"
BD-002,C-CHINA-ROBOT-01,"AI-generated video (caption: 'China built a robot that's exactly like a human') falsely claimed to show a human-shaped robot made by China",political,Rumor Scanner,"AI Video Falsely Claimed to Show Human-Shaped Robot Made by China",https://rumorscanner.com/en/fact-check-en/ai-generated-video-claims-china-robot/159265,2025,Bangla,Facebook,video,https://www.facebook.com/reel/9772091486236286,"Manually retrieved by user from rumorscanner.com article, browser visit; original poster: Mehedi Milton (profile URL not captured)",https://perma.cc/Y456-PF97,"ARCHIVED via Perma.cc, uploaded 13 July 2025 11:37am; at capture had 38.5K reactions and 319 comments",ACCOUNT-REMOVED (re-checked 2026-09-02 by user, logged-in browser: both the reel post AND poster 'Mehedi Milton' profile confirmed gone -- neither resolves; disambiguates prior AMBIGUOUS status to full account-removal per §4.2),false,"Bangla on-screen caption: 'পুরাই মানুষের মত রোবট তৈরি করল চীন' (China built a robot exactly like a human); high engagement at t0 (38.5K reactions)"
BD-003,C-JIMISHA-01,"Photos falsely claimed BJP leader Jimisha Avlani was caught shoplifting ~$1300 of goods from a US Target store while visiting her daughter on a tourist visa; caption claims she was detained by security via CCTV and handed to police on a criminal case",political,Rumor Scanner,"AI-Generated Mexican Image Shared as Indian Woman Arrested for Shoplifting in US",https://rumorscanner.com/en/fact-check-en/jimisha-avlani-ai-mexico-incident/163139,2025,Bangla,Facebook,image,https://www.facebook.com/story.php?story_fbid=745694838176563&id=100082081606046 (redirected from https://www.facebook.com/share/p/1BDB4tLyk6/),"Manually retrieved by user from rumorscanner.com article, browser visit; original poster: Ahmodullah Sayed",https://archive.ph/8HYOJ,"ARCHIVED via archive.today, captured 13 Aug 2025 09:48:27 UTC",ACCOUNT-REMOVED (re-checked 2026-09-02 by user, logged-in browser: both the post AND poster 'Ahmodullah Sayed' profile confirmed gone -- neither resolves; disambiguates prior AMBIGUOUS status to full account-removal per §4.2),false,"Bangla caption alleges BJP leader Jimisha Avlani shoplifted from a US Target store; Rumor Scanner found the claim false, mixing an AI-generated image with an unrelated Mexico shoplifting incident photo"
BD-004,C-TORENZA-01,"Old US TV show clip ('Airline') falsely spread as video of a woman presenting a passport from a nonexistent country 'Torenza' at JFK Airport",political,Dismislab,"Old US TV show clip spread as 'Torenza Woman' claim",https://en.dismislab.com/us-tv-show-clip-spread-as-torenza-woman/,2025-10-16,Bangla,Facebook + Instagram,video,https://www.facebook.com/100063744767780/posts/1388297209971758/?rdid=C8lPvTB7MuyYGkZH ; https://www.facebook.com/permalink.php?story_fbid=pfbid05buLm912gbp1PoKEUv8broLR8wqWH6UMQBwdgvvzY7nc97h1GyKLBfqpBPpgu874l&id=100082492310445 ; https://www.instagram.com/p/DP069tHkrxC/,"URLs extracted directly from Dismislab fact-check article body via WebFetch",CHECKED-NO-SNAPSHOT,"Wayback 'available' API returned no existing snapshot as of 2026-09-02 check (verified only for the /share/ style link pattern on a related item; this URL not yet individually checked)",LIVE-unchanged (re-checked 2026-09-02: post directly fetched and confirmed still live under poster 'Rashed', posted 11 Oct 2025; visible engagement now 10K reactions/1.7K comments/3K shares -- grew from initial spread; commenters correctly identify it as AI-generated fiction, but Meta has NOT removed or labelled the post itself),false,"4 total FB posts + 1 Instagram post cited in source article; only first 2 FB + 1 IG listed here for brevity, see fact-check article for remaining 2. MODERATION FAILURE CONFIRMED: post remains live >10 months after fact-check publication with no visible fact-check label, despite community awareness in comments that content is fake."
BD-005,C-MOSQUE-INDIA-01,"Footage claiming 50 mosques were being demolished in India was actually from a different, unrelated incident (Hapur district clash, not Meerut demolition)",religious/communal,Dismislab,"Claimed footage of 50 mosques being demolished in India is from another incident",https://en.dismislab.com/mosque-vandalaized-in-india/,2026-06-03,Bangla,Facebook,video,https://www.facebook.com/share/v/1HTGX2kHQz/,"URL extracted directly from Dismislab fact-check article body via WebFetch",https://web.archive.org/web/2026*/facebook.com/share/v/1HTGX2kHQz/,"CONFIRMED NOT ARCHIVED - Wayback Machine 'available' API queried 2026-09-02, returned empty archived_snapshots (no snapshot exists)",LIVE-unchanged (re-checked 2026-09-02 by user, logged-in browser: URL resolves/redirects to facebook.com/reel/846129855203936, poster 'মুফতি হাবিবুল্লাহ মাহমুদ কাসেমী সামর্থক'; both post and profile confirmed live, no removal or fact-check label; visible engagement 42 likes/71 shares at re-check),false,"Illustrates paper's §4-stated feasibility problem: Meta content is frequently unarchivable via public Wayback API; 4 additional resharing FB URLs cited in source article. MODERATION FAILURE CONFIRMED: post remains live with Bangla caption falsely claiming '৫০টি মসজিদ ভেঙ্গে... পুড়িয়ে ভস্ম করে দেয়া হচ্ছে' (50 mosques being demolished and burned), despite Dismislab's 3 June 2026 fact-check debunking it as footage from an unrelated Hapur clash, not mosque demolition."
BD-006,C-ZAIMA-BOW-01,"Digitally edited photo falsely showed the president bowing twice to Zaima Rahman (caption: 'জায়মা রহমানকে পর পর দুই বার সালাম দিলেন রাষ্ট্রপতি চুপ্পু')",political,Dismislab,"Photo showing president bowing to Zaima Rahman is edited",https://en.dismislab.com/president-bowing-to-zaima-rahman/,2026-03-10,Bangla,Facebook,image,https://www.facebook.com/rtnews24.bd/posts/pfbid0pvah4ADsExYqnpHAZCG1P9NQ2q6o1uWoFHpKqrcfLrQ6tcVJ6FCp3ot8ibKZuGG3l,"Manually retrieved by user, browser visit; found via poster page RTNews24 (facebook.com/rtnews24.bd), posted 8 March",http://archive.today/4vC4F,"ARCHIVED via archive.today (not Wayback Machine) - posted by Facebook page 'RTNews24'; engagement at original capture: 1500+ shares, 40000+ reactions, 3000+ comments",LIVE-unchanged (re-checked 2026-09-02 by user, logged-in browser: both post AND page 'RTNews24' confirmed live, no removal or fact-check label; current engagement 10K likes/4.2K comments/2K shares -- lower like-count than initial archive capture's 40K reactions, possibly reflecting different reaction-count snapshots or engagement-metric display differences, worth re-verifying at next checkpoint),false,"Dismislab itself used archive.today rather than Wayback for this item, consistent with paper's note that manual/sanctioned archiving is the backbone (§4.3). MODERATION FAILURE CONFIRMED: page is Facebook-verified-style news page 'RTNews24', post remains live ~6 months post-factcheck (10 Mar to 2 Sep 2026) with high engagement and no label."
BD-007,C-SIKANDAR-QURAN-01,"False claim that Zimbabwe cricket captain Sikandar Raza's daughter memorized the entire Quran in under two years",religious/communal,Dismislab,"Claim of Sikandar Raza's daughter memorizing the whole Quran is false",https://en.dismislab.com/sikandar-razas-daughter-false-claim/,2026-08-02,Bangla,Facebook + Instagram,text+image,https://www.facebook.com/100085106649506/posts/1032001282980084/?mibextid=wwXIfr&rdid=Jre7t3WtQGRMgQue ; https://www.instagram.com/p/DbeFFsloJ5w/?hl=en,"URLs extracted directly from Dismislab fact-check article body via WebFetch",NOT-CHECKED,"not yet queried against Wayback API",LIVE-unchanged (re-checked 2026-09-02 via user's logged-in browser: post fully confirmed live, posted 1 Aug [2026], no fact-check label or removal; current engagement 88.7K likes/1.4K comments/168 shares, up substantially from initial spread -- author's own pinned comment 'সিকান্দার রাজা বাবা হিসেবে সফল' [Sikandar Raza succeeded as a father] doubles down on the false claim in the comments),false,"Original claimant identified as 'শামীম আহমেদ' (Shamim Ahmed, verified blue-check account) and 'Current Pakistan' (IG, AI-generated image); Sikandar Raza personally confirmed to Dismislab the claim is false. MODERATION FAILURE CONFIRMED: verified account, high engagement (88.7K), false claim un-labelled and live ~1 month post-factcheck."
BD-008,C-NOAKHALI-ABDUCTION-01,"Video of a man (from Cumilla, legally separated from his wife) attempting to abduct his estranged wife -- Subarna Rani Pal, daughter of Dulal Pal, in Senbagh, Noakhali on 8 Aug 2024 -- was falsely spread on X/Twitter as evidence of communal violence / jihadi abduction of a Hindu girl during Bangladesh's post-uprising unrest",religious/communal,Alt News + BOOM (cross-verified; Dismislab's own direct article not yet located),"Viral video: Man's failed attempt to abduct estranged wife in Noakhali falsely shared as attack on Hindus (Alt News); Bangladesh: Video Of Hindu Man Abducting Ex-Wife Shared With Communal Spin (BOOM)",https://www.altnews.in/viral-video-mans-failed-attempt-to-abduct-estranged-wife-in-noakhali-falsely-shared-as-attack-on-hindus/ ; https://www.boomlive.in/fact-check/bangladesh-video-of-hindu-man-abducting-ex-wife-shared-with-communal-spin-26144,2024-08-09 (incident 8 Aug 2024),Bangla + Hindi + English (cross-border spread),X (Twitter) primary; Facebook Live also referenced,video,"https://twitter.com/SonOfBharat7/status/1821734831811915891 ; https://twitter.com/Salwan_Momika1/status/1821581094694842374 ; https://twitter.com/RashmiDVS/status/1821615836194598916 ; https://twitter.com/SudarshanBangla/status/1821589489841521044 (Facebook Live by 'Mahfuz Alam', ~6PM 8 Aug 2024, URL not archived/found)","Manually retrieved via WebFetch of Alt News and BOOM fact-check articles; NOTE -- this story's own IFCN-aligned fact-checkers (Alt News, BOOM) did not cite or link a Dismislab article despite Daily Star headline attributing it to dismislab; the Dismislab-specific version of this fact-check was not located and may need direct Bangla-site search",https://archive.is/Xwq6X ; https://archive.is/o5y6v ; https://perma.cc/GME5-VU7K ; https://perma.cc/LH47-PVYJ ; https://perma.cc/JTW6-8UDR,"ARCHIVED (multiple X posts archived by Alt News/BOOM); Deepak Sharma tweet had 32K+ views/1.4K+ retweets; Salwan Momika tweet had 10.5 lakh+ views/23K+ retweets",LIVE-unchanged (re-checked 2026-09-02 by user: ALL 4 X posts confirmed still live -- @SonOfBharat7/Deepak Sharma, @Salwan_Momika1, @RashmiDVS, @SudarshanBangla -- all posts and their accounts/profiles intact, none removed or suspended by X, 2+ years after the Aug 2024 incident),false,"High cross-border virality (10.5 lakh+ views on the @Salwan_Momika1 tweet alone); multi-platform (X + Facebook Live) case central to Amnesty 2026's India-originating cross-border Bangla-content framing (§6.3). CAVEAT: fact_checker_source field lists Alt News/BOOM, not the paper's originally-listed Dismislab, since Dismislab's own article on this specific incident could not be located -- inclusion-gate check (§4.1/§12.G) for Dismislab specifically is still open. MODERATION FAILURE FULLY CONFIRMED: all 4 tracked posts remain live 2+ years post-incident with no visible platform action; @SonOfBharat7's text further escalates the false claim to allege rape ('रेप किया') atop the original false abduction/communal narrative -- relevant to §6 harm-severity framing. PLATFORM NOTE: X, not Meta -- likely usable for Part 3 cross-platform harm context rather than the core Meta-focused RQ1 audit sample, unless the paper's scope is broadened to cross-platform (X's near-total non-removal here would itself be a striking RQ1-adjacent finding if included)."
BD-009,C-OPTIMAX-SCAM-01,"Facebook ad campaign promoted 'Optimax' eye-health capsules in Bangladesh using a fabricated endorsement falsely attributed to real Bangladeshi scientist Dr. Senjuti Saha; product is an unproven supplement, not a recognized medical treatment; a commenter warned 'Optimax is bringing bad news for the people of Bangladesh. It's a capsule that ruins your eyesight.'",health,Dismislab,"The Optimax Scam: An intricate web of international health product fraud",https://en.dismislab.com/the-optimax-scam-an-intricate-web-of-international-health-product-fraud/,2024-07-03,Bangla + English,Facebook,image/ad + text,https://www.facebook.com/permalink.php?story_fbid=pfbid0EzviWnHJJDJhMzrrVUfNoruLuvGLRFrpf3GFyK3mJnKxn7ofSmsp5sbcjsX9Ed7fl&id=100081624429086 (user-commented post referencing the scam); campaign pages: https://www.facebook.com/profile.php?id=100093051862846 ; https://www.facebook.com/profile.php?id=100091343270515 ; https://www.facebook.com/profile.php?id=61560036150515 ; https://www.facebook.com/profile.php?id=61559563243505,"URLs extracted directly from Dismislab fact-check article body via WebFetch",NOT-CHECKED,"not yet queried against Wayback API",LIVE-unchanged (re-checked 2026-09-02 by user, logged-in browser: BOTH the user-comment post [poster: Md ALauddin Md ALauddin, 3 July 2024] AND the 'Optimax BD' campaign page [1.1K followers, active with posts, page-managed product/link in bio] confirmed still live, no removal or fact-check label on either; the user comment itself reads 'বাংলাদেশের জনসাধারণের জন্য একটি দুঃসংবাদ নিয়ে আসছে OPtimax নামক একটি চোখ নষ্ট করার ক্যাপসুল। যা কিনবেন তো ঠকছেন। আমি কিনেছি ঠকেছি' -- a real self-reported victim warning others, itself unlabelled and live 2+ years after the July 2024 fact-check),false,"MODERATION FAILURE CONFIRMED: both the individual warning post AND the scam campaign page itself remain live and un-actioned 2+ years post-exposure; page still active/followable with 1.1K followers. Directly usable for §6 (harm estimation) as a documented real-victim testimonial, and for RQ1 as a long-duration non-remediation case (converts 'time-to-removal' to right-censored at >2 years). REPLACES prior BD-009 (measles/vaccine campaign), which was excluded for failing §4.1 inclusion criterion #2 (no recoverable single-post URL). This item DOES satisfy inclusion criteria: single archived Facebook post URL plus 17 total campaign pages identified by Dismislab (5 with active ads at time of report, 30 active ads targeting Bangladesh in first week of June 2024). Cross-border health-fraud pattern: same 'Optimax' scam also documented targeting Philippines and UAE, using fabricated doctor endorsements and counterfeited media -- relevant to paper's health-domain framing and to cross-border misinformation themes echoed in Amnesty 2026 (§6.3)."
BD-010,C-DEVI-SHETTY-BP-01,"Altered/edited video falsely presented as cardiologist Dr. Devi Shetty giving medical advice against taking blood-pressure tablets, framing pharmaceutical companies as profiting from unnecessary treatment ('yfi apni roktochaper tablet khan -- tahole apni hoy boka, noy attoghati' / 'if you take BP tablets you are either a fool or suicidal'); actual video was digitally altered/dubbed from unrelated footage of his speech",health,Rumor Scanner,"Edited Video Shared as Dr. Devi Shetty's Advice on High Blood Pressure",https://rumorscanner.com/en/fact-check-en/dr-devi-shetty-altered-video/161250,2025,Bangla,Facebook (labelled) + Instagram (unlabelled) -- SAME content, DIFFERING platform treatment,video,"Facebook: https://www.facebook.com/story.php?story_fbid=1471589623850395&id=100029981135366&rdid=SUR3WXsE7Uf1VcDq# (poster: Khairuzzaman Biswas, 6 July 2025) ; Instagram: https://www.instagram.com/reels/DJUJ0eQKLiz/ (poster: rakibulbdng2023)","Manually retrieved by user, browser visit",NOT-CHECKED,"not yet queried against Wayback/archive.today",MIXED -- Facebook: LIVE-labelled (post itself still up but overlaid with Meta's own 'Altered video. Reviewed by third-party fact checkers.' warning screen, confirmed by user 2026-09-02); Instagram: LIVE-unchanged (same video content live via Reels, NO fact-check label or warning visible, confirmed by user 2026-09-02),false,"HIGH-VALUE FINDING for paper's §4.2 status scheme and §5.5 detection-gap framing: this is a rare same-claim, cross-platform-within-Meta comparison. Facebook correctly applied a third-party fact-check label (LIVE-labelled = partial remediation), while Instagram hosts the IDENTICAL content with NO label at all (LIVE-unchanged = moderation failure) as of the same re-check date. Directly demonstrates within-Meta inconsistency in label propagation across Facebook vs. Instagram, relevant to RQ1/RQ2 category and platform-level analysis. REPLACES prior BD-010 (Typhibev campaign, excluded for failing inclusion criteria)."
